id,peer,recommendedpeer
1,seftonca,chiquita
2,androwba,rammuseu
3,ghumbleb,judgejal
4,professo,cresswec
5,jenegabr,synthiat
6,synthiat,kaleighh
7,sgoldenf,alishian
8,gwakame,coratant
9,akiraren,bromanyt
10,gehnbrig,hatchesn
11,flashern,roggosce
12,hsensor,angelena
13,cindycan,santagam
14,rebeccaa,mavissig
15,carllane,starfigd
16,corrietr,waresher
17,aedie,hsensor
18,audiecle,kerenhor
19,janissca,hcarolee
20,adinamar,cmerlyn
21,symeonro,roscoesu
22,ronniele,Bulenko
23,hatchesn,yolandep
24,zasterte,knikia
25,malenaro,telvina
26,mortylar,coratant
27,Yuriy,limesbra
28,fbillye,erikurfo
29,telvina,hcarolee
30,chiquita,abbeyrus
31,mitzifra,lsloey
32,torell,alienchu
33,vanesabo,kathyhan
34,abbeyrus,camumu
35,rorgeelp,estaedmo
36,rinkodaw,cresswec
37,adough,horacene
38,ebonicra,e.bogachuk
39,drahardo,zasterte
40,cgreenbe,mitzifra
41,duurmopa,clemenha
42,sandorme,gtoraq
43,norridge,coriande
44,englishk,loriross
45,dogletho,slyviada
46,limesbra,accordij
47,sunnitif,zoraidab
48,tblitzcr,knikia
49,umfredir,estaedmo
50,meghanki,yukojuan
51,knikia,mordnore
52,jivern,bernarda
53,zoraidab,noisejaq
54,dhammer,myeshask
55,hjerilyn,jeanenea
56,machrist,rammuseu
57,sfleta,irobin
58,slyviada,jeanenea
59,cresswec,hatchesn
60,umfredra,staunton
61,jdoomfis,tblitzcr
62,neugene,irobin
63,maliqdot,mbulwer
64,sensordo,horacene
65,hhullen,umfredra
66,waresher,adinamar
67,kathyhan,julietah
68,guitarso,kcresswe
69,supertha,clemenha
70,desirelo,mashagwi
71,estaedmo,papawfen
72,ccassell,coriande
73,pallaaxe,tblitzcr
74,molliekh,barnards
75,bromanyt,erikurfo
76,Andrew,telvina
77,gojirift,richesea
78,biodiese,mzoraida
79,rosieamb,abbeyrus
80,bullroag,nollarey
81,tinydook,aemmafre
82,aemmafre,ninetale
83,rammuseu,umfredra
84,accordij,jgerrick
85,mordnore,mitzifra
86,bainesme,seftonca
87,hlowell,mzoraida
88,mavissig,audiecle
89,sherlynt,jdoomfis
90,rleonard,estaedmo
91,loriross,alienchu
92,kcresswe,tandrasc
93,gtoraq,duurmopa
94,kwukong,rosmertt
95,mollosev,utherydg
96,willylyd,dhammer
97,kaleighh,doriangr
98,maryanna,cmerlyn
99,shenmurr,golemtam
100,rdontos,hcarolee
101,richesea,horacene
102,yolandep,mzoraida
103,takemiym,clemenha
104,adrienne,marquita
105,audiedet,yukojuan
106,minellaa,sfleta
107,perrosde,meghanki
108,vluann,mavissig
109,lsloey,fbillye
110,horacene,yolandep
111,nollarey,guitarso
112,mashagwi,aemmafre
113,tandrasc,jeanenea
114,ninetale,corrietr
115,daniawen,drahardo
116,cnathali,sgoldenf
117,judgejal,lsloey
118,karnaksp,adrienne
119,waltlate,cayennew
120,bernarda,tprobius
121,wmicha,dogletho
122,scrimgeo,androwba
123,clemenha,sherlynt
124,Bulenko,sunnitif
125,luanarau,corrietr
126,windhelg,cornmeal
127,paulinac,toffeeco
128,withersh,norridge
129,marquita,toffeeco
130,jeanenea,takemiym
131,barnards,audiecle
132,gylbertk,Yuriy
133,sperses,xerminia
134,cathleeb,ccassell
135,roddstat,mordnore
136,jorgedom,jdoomfis
137,dtammie,sherlynt
138,coriande,salenasa
139,mzoraida,norridge
140,chmackey,bainesme
141,twilber,supertha
142,genesiss,willylyd
143,tprobius,professo
144,papawfen,mortylar
145,angelena,cayennew
146,jesusalo,duurmopa
147,princess,hanalesh
148,ajhin,malenaro
149,nwiley,kcresswe
150,kleinerb,hazelnut
151,camumu,toffeeco
152,ternesim,joellebo
153,noisejaq,ajhin
154,doriangr,pallaaxe
155,erikurfo,lavender
156,wallacei,boostery
157,hanalesh,meghanki
158,rosmertt,romildab
159,romildab,tinydook
160,irobin,tandrasc
161,gemmaeme,galionme
162,hspeaker,barnards
163,emelinel,joellebo
164,utherydg,roscoesu
165,mbulwer,gemmaeme
166,hcarolee,cresswec
167,iseadra,englishk
168,hamishcl,audiedet
169,boostery,iseadra
170,lavender,cindycan
171,binnshag,littleca
172,werewolf,alishian
173,staunton,mortylar
174,santagam,golemtam
175,karleenk,synthiat
176,loarlyne,dhammer
177,harmluci,tortilla
178,cmerlyn,rebeccaa
179,dotharer,lavender
180,demogorg,roscoesu
181,necromat,alienchu
182,butterps,yolandep
183,kerenhor,Yuriy
184,mistidem,janissca
185,alienchu,demogorg
186,starfigd,bromanyt
187,aethando,loriross
188,coratant,llynelle
189,xerminia,rinkodaw
190,toffeeco,cornmeal
191,sharkjos,nerissas
192,jgerrick,romildab
193,harrietb,aethando
194,nerissas,cindycan
195,macygabr,tprobius
196,llynelle,jorgedom
197,roscoesu,audiedet
198,golemtam,emelinel
199,hazelnut,abbeyrus
200,dionecar,shenmurr
201,nicolsha,utherydg
202,barbiesa,umfredir
203,millykir,roscoesu
204,e.bogachuk,cresswec
205,littleca,meghanki
206,julietah,takemiym
207,yukojuan,minellaa
208,mauricio,jesusalo
209,literall,loriross
210,joellebo,bromanyt
211,diabloan,nollarey
212,morrigen,chiquita
213,alishian,roscoesu
214,capacitg,richesea
215,cayennew,sharkjos
216,cornmeal,starfigd
217,elidacon,gojirift
218,stewartn,pallaaxe
219,cshara,jesusalo
220,salenasa,umfredra
221,myrlemal,cayennew
222,sshunpik,roggosce
223,tortilla,mzoraida
224,roggosce,demogorg
225,myeshask,nicolsha
226,erikursi,kcresswe
227,galionme,flashern
228,neldaqui,noisejaq
229,sommerha,sperses
